[   {      "product":"<div class=\"prd prd--style2 prd-labels--max prd-labels-shadow \"><div class=\"prd-inside\"><div class=\"prd-img-area\"><a href=\"product.html\" class=\"prd-img image-hover-scale image-container\" style=\"padding-bottom: 128.48%\"><img data-src=\"images/skins/fashion/products/product-01-1.jpg\" alt=\"Leather Pegged Pants\" class=\"js-prd-img lazyload fade-up\"><div class=\"foxic-loader\"></div><div class=\"prd-big-squared-labels\"></div></a><div class=\"prd-circle-labels\"><a href=\"#\" class=\"circle-label-compare circle-label-wishlist--add js-add-wishlist mt-0\" title=\"Add To Wishlist\"><i class=\"icon-heart-stroke\"></i></a><a href=\"#\" class=\"circle-label-compare circle-label-wishlist--off js-remove-wishlist mt-0\" title=\"Remove From Wishlist\"><i class=\"icon-heart-hover\"></i></a> <a href=\"#\" class=\"circle-label-qview js-prd-quickview prd-hide-mobile\" data-src=\"ajax/ajax-quickview.html\"><i class=\"icon-eye\"></i><span>QUICK VIEW</span></a><div class=\"colorswatch-label colorswatch-label--variants js-prd-colorswatch\"><i class=\"icon-palette\"><span class=\"path1\"></span><span class=\"path2\"></span><span class=\"path3\"></span><span class=\"path4\"></span><span class=\"path5\"></span><span class=\"path6\"></span><span class=\"path7\"></span><span class=\"path8\"></span><span class=\"path9\"></span><span class=\"path10\"></span></i><ul><li data-image=\"images/skins/fashion/products/product-01-1.jpg\"><a class=\"js-color-toggle\" data-toggle=\"tooltip\" data-placement=\"left\" title=\"Color Name\"><img src=\"images/colorswatch/color-orange.jpg\" alt=\"\"></a></li><li data-image=\"images/skins/fashion/products/product-01-color-2.jpg\"><a class=\"js-color-toggle\" data-toggle=\"tooltip\" data-placement=\"left\" title=\"Color Name\"><img src=\"images/colorswatch/color-black.jpg\" alt=\"\"></a></li><li data-image=\"images/skins/fashion/products/product-01-color-3.jpg\"><a class=\"js-color-toggle\" data-toggle=\"tooltip\" data-placement=\"left\" title=\"Color Name\"><img src=\"images/colorswatch/color-red.jpg\" alt=\"\"></a></li></ul></div></div><ul class=\"list-options color-swatch\"><li data-image=\"images/skins/fashion/products/product-01-1.jpg\" class=\"active\"><a href=\"#\" class=\"js-color-toggle\" data-toggle=\"tooltip\" data-placement=\"right\" title=\"Color Name\"><img data-src=\"images/skins/fashion/products/product-01-1.jpg\" class=\"lazyload fade-up\" alt=\"Color Name\"></a></li><li data-image=\"images/skins/fashion/products/product-01-2.jpg\"><a href=\"#\" class=\"js-color-toggle\" data-toggle=\"tooltip\" data-placement=\"right\" title=\"Color Name\"><img data-src=\"images/skins/fashion/products/product-01-2.jpg\" class=\"lazyload fade-up\" alt=\"Color Name\"></a></li><li data-image=\"images/skins/fashion/products/product-01-3.jpg\"><a href=\"#\" class=\"js-color-toggle\" data-toggle=\"tooltip\" data-placement=\"right\" title=\"Color Name\"><img data-src=\"images/skins/fashion/products/product-01-3.jpg\" class=\"lazyload fade-up\" alt=\"Color Name\"></a></li></ul></div><div class=\"prd-info\"><div class=\"prd-info-wrap\"><div class=\"prd-info-top\"><div class=\"prd-rating\"><i class=\"icon-star-fill fill\"></i><i class=\"icon-star-fill fill\"></i><i class=\"icon-star-fill fill\"></i><i class=\"icon-star-fill fill\"></i><i class=\"icon-star-fill fill\"></i></div><div class=\"prd-tag\"><a href=\"#\">FOXic</a></div></div><div class=\"prd-rating justify-content-center\"><i class=\"icon-star-fill fill\"></i><i class=\"icon-star-fill fill\"></i><i class=\"icon-star-fill fill\"></i><i class=\"icon-star-fill fill\"></i><i class=\"icon-star-fill fill\"></i></div><div class=\"prd-tag\"><a href=\"#\">FOXic</a></div><h2 class=\"prd-title\"><a href=\"product.html\">Leather Pegged Pants</a></h2><div class=\"prd-description\">Quisque volutpat condimentum velit. Class aptent taciti sociosqu ad litora torquent per conubia nostra, per inceptos himenaeos. Nam nec ante. Sed lacinia, urna non tincidunt mattis, tortor neque adipiscing diam, a cursus ipsum ante quis turpis. Nulla facilisi.</div></div><div class=\"prd-hovers\"><div class=\"prd-circle-labels\"><div><a href=\"#\" class=\"circle-label-compare circle-label-wishlist--add js-add-wishlist mt-0\" title=\"Add To Wishlist\"><i class=\"icon-heart-stroke\"></i></a><a href=\"#\" class=\"circle-label-compare circle-label-wishlist--off js-remove-wishlist mt-0\" title=\"Remove From Wishlist\"><i class=\"icon-heart-hover\"></i></a> </div><div><a href=\"#\" class=\"circle-label-qview prd-hide-mobile js-prd-quickview\" data-src=\"ajax/ajax-quickview.html\"><i class=\"icon-eye\"></i><span>QUICK VIEW</span></a></div></div><div class=\"prd-price\"><div class=\"price-new\">$ 180</div></div><div class=\"prd-action\"><div class=\"prd-action-left\"><form action=\"#\"><button class=\"btn js-prd-addtocart\" data-product='{\"name\":\"Leather&nbsp;Pegged&nbsp;Pants\",\"path\":\"images/skins/fashion/products/product-01-1.jpg\",\"url\":\"product.html\",\"aspect_ratio\":0.778}'>Add To Cart</button></form></div></div></div></div></div></div>"   },   {      "product":"<div class=\"prd prd--style2 prd-labels--max prd-labels-shadow \"><div class=\"prd-inside\"><div class=\"prd-img-area\"><a href=\"product.html\" class=\"prd-img image-hover-scale image-container\" style=\"padding-bottom: 128.48%\"><img data-src=\"images/skins/fashion/products/product-02-1.jpg\" alt=\"Oversize Cotton Dress\" class=\"js-prd-img lazyload fade-up\"><div class=\"foxic-loader\"></div><div class=\"prd-big-squared-labels\"></div></a><div class=\"prd-circle-labels\"><a href=\"#\" class=\"circle-label-compare circle-label-wishlist--add js-add-wishlist mt-0\" title=\"Add To Wishlist\"><i class=\"icon-heart-stroke\"></i></a><a href=\"#\" class=\"circle-label-compare circle-label-wishlist--off js-remove-wishlist mt-0\" title=\"Remove From Wishlist\"><i class=\"icon-heart-hover\"></i></a> <a href=\"#\" class=\"circle-label-qview js-prd-quickview prd-hide-mobile\" data-src=\"ajax/ajax-quickview.html\"><i class=\"icon-eye\"></i><span>QUICK VIEW</span></a><div class=\"colorswatch-label colorswatch-label--variants js-prd-colorswatch\"><i class=\"icon-palette\"><span class=\"path1\"></span><span class=\"path2\"></span><span class=\"path3\"></span><span class=\"path4\"></span><span class=\"path5\"></span><span class=\"path6\"></span><span class=\"path7\"></span><span class=\"path8\"></span><span class=\"path9\"></span><span class=\"path10\"></span></i><ul><li data-image=\"images/skins/fashion/products/product-02-1.jpg\"><a class=\"js-color-toggle\" data-toggle=\"tooltip\" data-placement=\"left\" title=\"Color Name\"><img src=\"images/colorswatch/color-orange.jpg\" alt=\"\"></a></li><li data-image=\"images/skins/fashion/products/product-02-color-2.jpg\"><a class=\"js-color-toggle\" data-toggle=\"tooltip\" data-placement=\"left\" title=\"Color Name\"><img src=\"images/colorswatch/color-red.jpg\" alt=\"\"></a></li><li data-image=\"images/skins/fashion/products/product-02-color-3.jpg\"><a class=\"js-color-toggle\" data-toggle=\"tooltip\" data-placement=\"left\" title=\"Color Name\"><img src=\"images/colorswatch/color-yellow.jpg\" alt=\"\"></a></li></ul></div></div><ul class=\"list-options color-swatch\"><li data-image=\"images/skins/fashion/products/product-02-1.jpg\" class=\"active\"><a href=\"#\" class=\"js-color-toggle\" data-toggle=\"tooltip\" data-placement=\"right\" title=\"Color Name\"><img data-src=\"images/skins/fashion/products/product-02-1.jpg\" class=\"lazyload fade-up\" alt=\"Color Name\"></a></li><li data-image=\"images/skins/fashion/products/product-02-2.jpg\"><a href=\"#\" class=\"js-color-toggle\" data-toggle=\"tooltip\" data-placement=\"right\" title=\"Color Name\"><img data-src=\"images/skins/fashion/products/product-02-2.jpg\" class=\"lazyload fade-up\" alt=\"Color Name\"></a></li><li data-image=\"images/skins/fashion/products/product-02-3.jpg\"><a href=\"#\" class=\"js-color-toggle\" data-toggle=\"tooltip\" data-placement=\"right\" title=\"Color Name\"><img data-src=\"images/skins/fashion/products/product-02-3.jpg\" class=\"lazyload fade-up\" alt=\"Color Name\"></a></li></ul></div><div class=\"prd-info\"><div class=\"prd-info-wrap\"><div class=\"prd-info-top\"><div class=\"prd-rating\"><i class=\"icon-star-fill fill\"></i><i class=\"icon-star-fill fill\"></i><i class=\"icon-star-fill fill\"></i><i class=\"icon-star-fill fill\"></i><i class=\"icon-star-fill fill\"></i></div><div class=\"prd-tag\"><a href=\"#\">Seiko</a></div></div><div class=\"prd-rating justify-content-center\"><i class=\"icon-star-fill fill\"></i><i class=\"icon-star-fill fill\"></i><i class=\"icon-star-fill fill\"></i><i class=\"icon-star-fill fill\"></i><i class=\"icon-star-fill fill\"></i></div><div class=\"prd-tag\"><a href=\"#\">Seiko</a></div><h2 class=\"prd-title\"><a href=\"product.html\">Oversize Cotton Dress</a></h2><div class=\"prd-description\">Quisque volutpat condimentum velit. Class aptent taciti sociosqu ad litora torquent per conubia nostra, per inceptos himenaeos. Nam nec ante. Sed lacinia, urna non tincidunt mattis, tortor neque adipiscing diam, a cursus ipsum ante quis turpis. Nulla facilisi.</div></div><div class=\"prd-hovers\"><div class=\"prd-circle-labels\"><div><a href=\"#\" class=\"circle-label-compare circle-label-wishlist--add js-add-wishlist mt-0\" title=\"Add To Wishlist\"><i class=\"icon-heart-stroke\"></i></a><a href=\"#\" class=\"circle-label-compare circle-label-wishlist--off js-remove-wishlist mt-0\" title=\"Remove From Wishlist\"><i class=\"icon-heart-hover\"></i></a> </div><div><a href=\"#\" class=\"circle-label-qview prd-hide-mobile js-prd-quickview\" data-src=\"ajax/ajax-quickview.html\"><i class=\"icon-eye\"></i><span>QUICK VIEW</span></a></div></div><div class=\"prd-price\"><div class=\"price-new\">$ 180</div></div><div class=\"prd-action\"><div class=\"prd-action-left\"><form action=\"#\"><button class=\"btn js-prd-addtocart\" data-product='{\"name\":\"Oversize Cotton Dress\",\"path\":\"images/skins/fashion/products/product-02-1.jpg\",\"url\":\"product.html\",\"aspect_ratio\":0.778}'>Add To Cart</button></form></div></div></div></div></div></div>"   },   {      "product":"<div class=\"prd prd--style2 prd-labels--max prd-labels-shadow \"><div class=\"prd-inside\"><div class=\"prd-img-area\"><a href=\"product.html\" class=\"prd-img image-hover-scale image-container\" style=\"padding-bottom: 128.48%\"><img data-src=\"images/skins/fashion/products/product-03-1.jpg\" alt=\"Oversized Cotton Blouse\" class=\"js-prd-img lazyload fade-up\"><div class=\"foxic-loader\"></div><div class=\"prd-big-squared-labels\"><div class=\"label-new\"><span>New</span></div><div class=\"label-sale\"><span>-10% <span class=\"sale-text\">Sale</span></span><div class=\"countdown-circle\"><div class=\"countdown js-countdown\" data-countdown=\"2020/05/31\"></div></div></div></div></a><div class=\"prd-circle-labels\"><a href=\"#\" class=\"circle-label-compare circle-label-wishlist--add js-add-wishlist mt-0\" title=\"Add To Wishlist\"><i class=\"icon-heart-stroke\"></i></a><a href=\"#\" class=\"circle-label-compare circle-label-wishlist--off js-remove-wishlist mt-0\" title=\"Remove From Wishlist\"><i class=\"icon-heart-hover\"></i></a> <a href=\"#\" class=\"circle-label-qview js-prd-quickview prd-hide-mobile\" data-src=\"ajax/ajax-quickview.html\"><i class=\"icon-eye\"></i><span>QUICK VIEW</span></a></div><ul class=\"list-options color-swatch\"><li data-image=\"images/skins/fashion/products/product-03-1.jpg\" class=\"active\"><a href=\"#\" class=\"js-color-toggle\" data-toggle=\"tooltip\" data-placement=\"right\" title=\"Color Name\"><img data-src=\"images/skins/fashion/products/product-03-1.jpg\" class=\"lazyload fade-up\" alt=\"Color Name\"></a></li><li data-image=\"images/skins/fashion/products/product-03-2.jpg\"><a href=\"#\" class=\"js-color-toggle\" data-toggle=\"tooltip\" data-placement=\"right\" title=\"Color Name\"><img data-src=\"images/skins/fashion/products/product-03-2.jpg\" class=\"lazyload fade-up\" alt=\"Color Name\"></a></li><li data-image=\"images/skins/fashion/products/product-03-3.jpg\"><a href=\"#\" class=\"js-color-toggle\" data-toggle=\"tooltip\" data-placement=\"right\" title=\"Color Name\"><img data-src=\"images/skins/fashion/products/product-03-3.jpg\" class=\"lazyload fade-up\" alt=\"Color Name\"></a></li></ul></div><div class=\"prd-info\"><div class=\"prd-info-wrap\"><div class=\"prd-info-top\"><div class=\"prd-rating\"><i class=\"icon-star-fill fill\"></i><i class=\"icon-star-fill fill\"></i><i class=\"icon-star-fill fill\"></i><i class=\"icon-star-fill fill\"></i><i class=\"icon-star-fill fill\"></i></div><div class=\"prd-tag\"><a href=\"#\">Banita</a></div></div><div class=\"prd-rating justify-content-center\"><i class=\"icon-star-fill fill\"></i><i class=\"icon-star-fill fill\"></i><i class=\"icon-star-fill fill\"></i><i class=\"icon-star-fill fill\"></i><i class=\"icon-star-fill fill\"></i></div><div class=\"prd-tag\"><a href=\"#\">Banita</a></div><h2 class=\"prd-title\"><a href=\"product.html\">Oversized Cotton Blouse</a></h2><div class=\"prd-description\">Quisque volutpat condimentum velit. Class aptent taciti sociosqu ad litora torquent per conubia nostra, per inceptos himenaeos. Nam nec ante. Sed lacinia, urna non tincidunt mattis, tortor neque adipiscing diam, a cursus ipsum ante quis turpis. Nulla facilisi.</div></div><div class=\"prd-hovers\"><div class=\"prd-circle-labels\"><div><a href=\"#\" class=\"circle-label-compare circle-label-wishlist--add js-add-wishlist mt-0\" title=\"Add To Wishlist\"><i class=\"icon-heart-stroke\"></i></a><a href=\"#\" class=\"circle-label-compare circle-label-wishlist--off js-remove-wishlist mt-0\" title=\"Remove From Wishlist\"><i class=\"icon-heart-hover\"></i></a> </div><div><a href=\"#\" class=\"circle-label-qview prd-hide-mobile js-prd-quickview\" data-src=\"ajax/ajax-quickview.html\"><i class=\"icon-eye\"></i><span>QUICK VIEW</span></a></div></div><div class=\"prd-price\"><div class=\"price-old\">$ 200</div><div class=\"price-new\">$ 180</div></div><div class=\"prd-action\"><div class=\"prd-action-left\"><form action=\"#\"><button class=\"btn js-prd-addtocart\" data-product='{\"name\":\"Oversized Cotton Blouse\",\"path\":\"images/skins/fashion/products/product-03-1.jpg\",\"url\":\"product.html\",\"aspect_ratio\":0.778}'>Add To Cart</button></form></div></div></div></div></div></div>"   },   {      "product":"<div class=\"prd prd--style2 prd-labels--max prd-labels-shadow \"><div class=\"prd-inside\"><div class=\"prd-img-area\"><a href=\"product.html\" class=\"prd-img image-hover-scale image-container\" style=\"padding-bottom: 128.48%\"><img data-src=\"images/skins/fashion/products/product-04-1.jpg\" alt=\"Suede Leather Mini Skirt\" class=\"js-prd-img lazyload fade-up\"><div class=\"foxic-loader\"></div><div class=\"prd-big-squared-labels\"></div></a><div class=\"prd-circle-labels\"><a href=\"#\" class=\"circle-label-compare circle-label-wishlist--add js-add-wishlist mt-0\" title=\"Add To Wishlist\"><i class=\"icon-heart-stroke\"></i></a><a href=\"#\" class=\"circle-label-compare circle-label-wishlist--off js-remove-wishlist mt-0\" title=\"Remove From Wishlist\"><i class=\"icon-heart-hover\"></i></a> <a href=\"#\" class=\"circle-label-qview js-prd-quickview prd-hide-mobile\" data-src=\"ajax/ajax-quickview.html\"><i class=\"icon-eye\"></i><span>QUICK VIEW</span></a></div><ul class=\"list-options color-swatch\"><li data-image=\"images/skins/fashion/products/product-04-1.jpg\" class=\"active\"><a href=\"#\" class=\"js-color-toggle\" data-toggle=\"tooltip\" data-placement=\"right\" title=\"Color Name\"><img data-src=\"images/skins/fashion/products/product-04-1.jpg\" class=\"lazyload fade-up\" alt=\"Color Name\"></a></li><li data-image=\"images/skins/fashion/products/product-04-2.jpg\"><a href=\"#\" class=\"js-color-toggle\" data-toggle=\"tooltip\" data-placement=\"right\" title=\"Color Name\"><img data-src=\"images/skins/fashion/products/product-04-2.jpg\" class=\"lazyload fade-up\" alt=\"Color Name\"></a></li><li data-image=\"images/skins/fashion/products/product-04-3.jpg\"><a href=\"#\" class=\"js-color-toggle\" data-toggle=\"tooltip\" data-placement=\"right\" title=\"Color Name\"><img data-src=\"images/skins/fashion/products/product-04-3.jpg\" class=\"lazyload fade-up\" alt=\"Color Name\"></a></li></ul></div><div class=\"prd-info\"><div class=\"prd-info-wrap\"><div class=\"prd-info-top\"><div class=\"prd-rating\"><i class=\"icon-star-fill fill\"></i><i class=\"icon-star-fill fill\"></i><i class=\"icon-star-fill fill\"></i><i class=\"icon-star-fill fill\"></i><i class=\"icon-star-fill fill\"></i></div><div class=\"prd-tag\"><a href=\"#\">Bigsteps</a></div></div><div class=\"prd-rating justify-content-center\"><i class=\"icon-star-fill fill\"></i><i class=\"icon-star-fill fill\"></i><i class=\"icon-star-fill fill\"></i><i class=\"icon-star-fill fill\"></i><i class=\"icon-star-fill fill\"></i></div><div class=\"prd-tag\"><a href=\"#\">Bigsteps</a></div><h2 class=\"prd-title\"><a href=\"product.html\">Suede Leather Mini Skirt</a></h2><div class=\"prd-description\">Quisque volutpat condimentum velit. Class aptent taciti sociosqu ad litora torquent per conubia nostra, per inceptos himenaeos. Nam nec ante. Sed lacinia, urna non tincidunt mattis, tortor neque adipiscing diam, a cursus ipsum ante quis turpis. Nulla facilisi.</div></div><div class=\"prd-hovers\"><div class=\"prd-circle-labels\"><div><a href=\"#\" class=\"circle-label-compare circle-label-wishlist--add js-add-wishlist mt-0\" title=\"Add To Wishlist\"><i class=\"icon-heart-stroke\"></i></a><a href=\"#\" class=\"circle-label-compare circle-label-wishlist--off js-remove-wishlist mt-0\" title=\"Remove From Wishlist\"><i class=\"icon-heart-hover\"></i></a> </div><div><a href=\"#\" class=\"circle-label-qview prd-hide-mobile js-prd-quickview\" data-src=\"ajax/ajax-quickview.html\"><i class=\"icon-eye\"></i><span>QUICK VIEW</span></a></div></div><div class=\"prd-price\"><div class=\"price-new\">$ 180</div></div><div class=\"prd-action\"><div class=\"prd-action-left\"><form action=\"#\"><button class=\"btn js-prd-addtocart\" data-product='{\"name\":\"Suede Leather Mini Skirt\",\"path\":\"images/skins/fashion/products/product-04-1.jpg\",\"url\":\"product.html\",\"aspect_ratio\":0.778}'>Add To Cart</button></form></div></div></div></div></div></div>"   },   {      "product":"<div class=\"prd prd--style2 prd-labels--max prd-labels-shadow \"><div class=\"prd-inside\"><div class=\"prd-img-area\"><a href=\"product.html\" class=\"prd-img image-hover-scale image-container\" style=\"padding-bottom: 128.48%\"><img data-src=\"images/skins/fashion/products/product-05-1.jpg\" alt=\"Cotton T-shirt\" class=\"js-prd-img lazyload fade-up\"><div class=\"foxic-loader\"></div><div class=\"prd-big-squared-labels\"></div></a><div class=\"prd-circle-labels\"><a href=\"#\" class=\"circle-label-compare circle-label-wishlist--add js-add-wishlist mt-0\" title=\"Add To Wishlist\"><i class=\"icon-heart-stroke\"></i></a><a href=\"#\" class=\"circle-label-compare circle-label-wishlist--off js-remove-wishlist mt-0\" title=\"Remove From Wishlist\"><i class=\"icon-heart-hover\"></i></a> <a href=\"#\" class=\"circle-label-qview js-prd-quickview prd-hide-mobile\" data-src=\"ajax/ajax-quickview.html\"><i class=\"icon-eye\"></i><span>QUICK VIEW</span></a></div><ul class=\"list-options color-swatch\"><li data-image=\"images/skins/fashion/products/product-05-1.jpg\" class=\"active\"><a href=\"#\" class=\"js-color-toggle\" data-toggle=\"tooltip\" data-placement=\"right\" title=\"Color Name\"><img data-src=\"images/skins/fashion/products/product-05-1.jpg\" class=\"lazyload fade-up\" alt=\"Color Name\"></a></li><li data-image=\"images/skins/fashion/products/product-05-2.jpg\"><a href=\"#\" class=\"js-color-toggle\" data-toggle=\"tooltip\" data-placement=\"right\" title=\"Color Name\"><img data-src=\"images/skins/fashion/products/product-05-2.jpg\" class=\"lazyload fade-up\" alt=\"Color Name\"></a></li><li data-image=\"images/skins/fashion/products/product-05-3.jpg\"><a href=\"#\" class=\"js-color-toggle\" data-toggle=\"tooltip\" data-placement=\"right\" title=\"Color Name\"><img data-src=\"images/skins/fashion/products/product-05-3.jpg\" class=\"lazyload fade-up\" alt=\"Color Name\"></a></li></ul></div><div class=\"prd-info\"><div class=\"prd-info-wrap\"><div class=\"prd-info-top\"><div class=\"prd-rating\"><i class=\"icon-star-fill fill\"></i><i class=\"icon-star-fill fill\"></i><i class=\"icon-star-fill fill\"></i><i class=\"icon-star-fill fill\"></i><i class=\"icon-star-fill fill\"></i></div><div class=\"prd-tag\"><a href=\"#\">FOXic</a></div></div><div class=\"prd-rating justify-content-center\"><i class=\"icon-star-fill fill\"></i><i class=\"icon-star-fill fill\"></i><i class=\"icon-star-fill fill\"></i><i class=\"icon-star-fill fill\"></i><i class=\"icon-star-fill fill\"></i></div><div class=\"prd-tag\"><a href=\"#\">FOXic</a></div><h2 class=\"prd-title\"><a href=\"product.html\">Cotton T-shirt</a></h2><div class=\"prd-description\">Quisque volutpat condimentum velit. Class aptent taciti sociosqu ad litora torquent per conubia nostra, per inceptos himenaeos. Nam nec ante. Sed lacinia, urna non tincidunt mattis, tortor neque adipiscing diam, a cursus ipsum ante quis turpis. Nulla facilisi.</div></div><div class=\"prd-hovers\"><div class=\"prd-circle-labels\"><div><a href=\"#\" class=\"circle-label-compare circle-label-wishlist--add js-add-wishlist mt-0\" title=\"Add To Wishlist\"><i class=\"icon-heart-stroke\"></i></a><a href=\"#\" class=\"circle-label-compare circle-label-wishlist--off js-remove-wishlist mt-0\" title=\"Remove From Wishlist\"><i class=\"icon-heart-hover\"></i></a> </div><div><a href=\"#\" class=\"circle-label-qview prd-hide-mobile js-prd-quickview\" data-src=\"ajax/ajax-quickview.html\"><i class=\"icon-eye\"></i><span>QUICK VIEW</span></a></div></div><div class=\"prd-price\"><div class=\"price-new\">$ 180</div></div><div class=\"prd-action\"><div class=\"prd-action-left\"><form action=\"#\"><button class=\"btn js-prd-addtocart\" data-product='{\"name\":\"Cotton T-shirt\",\"path\":\"images/skins/fashion/products/product-05-1.jpg\",\"url\":\"product.html\",\"aspect_ratio\":0.778}'>Add To Cart</button></form></div></div></div></div></div></div>"   },   {      "product":"<div class=\"prd prd--style2 prd-labels--max prd-labels-shadow \"><div class=\"prd-inside\"><div class=\"prd-img-area\"><a href=\"product.html\" class=\"prd-img image-hover-scale image-container\" style=\"padding-bottom: 128.48%\"><img data-src=\"images/skins/fashion/products/product-06-1.jpg\" alt=\"Midi Dress with Belt\" class=\"js-prd-img lazyload fade-up\"><div class=\"foxic-loader\"></div><div class=\"prd-big-squared-labels\"></div></a><div class=\"prd-circle-labels\"><a href=\"#\" class=\"circle-label-compare circle-label-wishlist--add js-add-wishlist mt-0\" title=\"Add To Wishlist\"><i class=\"icon-heart-stroke\"></i></a><a href=\"#\" class=\"circle-label-compare circle-label-wishlist--off js-remove-wishlist mt-0\" title=\"Remove From Wishlist\"><i class=\"icon-heart-hover\"></i></a> <a href=\"#\" class=\"circle-label-qview js-prd-quickview prd-hide-mobile\" data-src=\"ajax/ajax-quickview.html\"><i class=\"icon-eye\"></i><span>QUICK VIEW</span></a><div class=\"colorswatch-label colorswatch-label--variants js-prd-colorswatch\"><i class=\"icon-palette\"><span class=\"path1\"></span><span class=\"path2\"></span><span class=\"path3\"></span><span class=\"path4\"></span><span class=\"path5\"></span><span class=\"path6\"></span><span class=\"path7\"></span><span class=\"path8\"></span><span class=\"path9\"></span><span class=\"path10\"></span></i><ul><li data-image=\"images/skins/fashion/products/product-06-1.jpg\"><a class=\"js-color-toggle\" data-toggle=\"tooltip\" data-placement=\"left\" title=\"Color Name\"><img src=\"images/colorswatch/color-grey.jpg\" alt=\"\"></a></li><li data-image=\"images/skins/fashion/products/product-06-color-2.jpg\"><a class=\"js-color-toggle\" data-toggle=\"tooltip\" data-placement=\"left\" title=\"Color Name\"><img src=\"images/colorswatch/color-green.jpg\" alt=\"\"></a></li><li data-image=\"images/skins/fashion/products/product-06-color-3.jpg\"><a class=\"js-color-toggle\" data-toggle=\"tooltip\" data-placement=\"left\" title=\"Color Name\"><img src=\"images/colorswatch/color-black.jpg\" alt=\"\"></a></li></ul></div></div><ul class=\"list-options color-swatch\"><li data-image=\"images/skins/fashion/products/product-06-1.jpg\" class=\"active\"><a href=\"#\" class=\"js-color-toggle\" data-toggle=\"tooltip\" data-placement=\"right\" title=\"Color Name\"><img data-src=\"images/skins/fashion/products/product-06-1.jpg\" class=\"lazyload fade-up\" alt=\"Color Name\"></a></li><li data-image=\"images/skins/fashion/products/product-06-2.jpg\"><a href=\"#\" class=\"js-color-toggle\" data-toggle=\"tooltip\" data-placement=\"right\" title=\"Color Name\"><img data-src=\"images/skins/fashion/products/product-06-2.jpg\" class=\"lazyload fade-up\" alt=\"Color Name\"></a></li><li data-image=\"images/skins/fashion/products/product-06-3.jpg\"><a href=\"#\" class=\"js-color-toggle\" data-toggle=\"tooltip\" data-placement=\"right\" title=\"Color Name\"><img data-src=\"images/skins/fashion/products/product-06-3.jpg\" class=\"lazyload fade-up\" alt=\"Color Name\"></a></li></ul></div><div class=\"prd-info\"><div class=\"prd-info-wrap\"><div class=\"prd-info-top\"><div class=\"prd-rating\"><i class=\"icon-star-fill fill\"></i><i class=\"icon-star-fill fill\"></i><i class=\"icon-star-fill fill\"></i><i class=\"icon-star-fill fill\"></i><i class=\"icon-star-fill fill\"></i></div><div class=\"prd-tag\"><a href=\"#\">Seiko</a></div></div><div class=\"prd-rating justify-content-center\"><i class=\"icon-star-fill fill\"></i><i class=\"icon-star-fill fill\"></i><i class=\"icon-star-fill fill\"></i><i class=\"icon-star-fill fill\"></i><i class=\"icon-star-fill fill\"></i></div><div class=\"prd-tag\"><a href=\"#\">Seiko</a></div><h2 class=\"prd-title\"><a href=\"product.html\">Midi Dress with Belt</a></h2><div class=\"prd-description\">Quisque volutpat condimentum velit. Class aptent taciti sociosqu ad litora torquent per conubia nostra, per inceptos himenaeos. Nam nec ante. Sed lacinia, urna non tincidunt mattis, tortor neque adipiscing diam, a cursus ipsum ante quis turpis. Nulla facilisi.</div></div><div class=\"prd-hovers\"><div class=\"prd-circle-labels\"><div><a href=\"#\" class=\"circle-label-compare circle-label-wishlist--add js-add-wishlist mt-0\" title=\"Add To Wishlist\"><i class=\"icon-heart-stroke\"></i></a><a href=\"#\" class=\"circle-label-compare circle-label-wishlist--off js-remove-wishlist mt-0\" title=\"Remove From Wishlist\"><i class=\"icon-heart-hover\"></i></a> </div><div><a href=\"#\" class=\"circle-label-qview prd-hide-mobile js-prd-quickview\" data-src=\"ajax/ajax-quickview.html\"><i class=\"icon-eye\"></i><span>QUICK VIEW</span></a></div></div><div class=\"prd-price\"><div class=\"price-new\">$ 180</div></div><div class=\"prd-action\"><div class=\"prd-action-left\"><form action=\"#\"><button class=\"btn js-prd-addtocart\" data-product='{\"name\":\"Midi Dress with Belt\",\"path\":\"images/skins/fashion/products/product-06-1.jpg\",\"url\":\"product.html\",\"aspect_ratio\":0.778}'>Add To Cart</button></form></div></div></div></div></div></div>"   },   {      "product":"<div class=\"prd prd--style2 prd-labels--max prd-labels-shadow prd-outstock\"><div class=\"prd-inside\"><div class=\"prd-img-area\"><a href=\"product.html\" class=\"prd-img image-hover-scale image-container\" style=\"padding-bottom: 128.48%\"><img data-src=\"images/skins/fashion/products/product-07-1.jpg\" alt=\"Denim Mini Skirt\" class=\"js-prd-img lazyload fade-up\"><div class=\"foxic-loader\"></div><div class=\"prd-big-squared-labels\"><div class=\"label-outstock\"><span>Sold Out</span></div></div></a><div class=\"prd-circle-labels\"><a href=\"#\" class=\"circle-label-compare circle-label-wishlist--add js-add-wishlist mt-0\" title=\"Add To Wishlist\"><i class=\"icon-heart-stroke\"></i></a><a href=\"#\" class=\"circle-label-compare circle-label-wishlist--off js-remove-wishlist mt-0\" title=\"Remove From Wishlist\"><i class=\"icon-heart-hover\"></i></a> <a href=\"#\" class=\"circle-label-qview js-prd-quickview prd-hide-mobile\" data-src=\"ajax/ajax-quickview.html\"><i class=\"icon-eye\"></i><span>QUICK VIEW</span></a></div><ul class=\"list-options color-swatch\"><li data-image=\"images/skins/fashion/products/product-07-1.jpg\" class=\"active\"><a href=\"#\" class=\"js-color-toggle\" data-toggle=\"tooltip\" data-placement=\"right\" title=\"Color Name\"><img data-src=\"images/skins/fashion/products/product-07-1.jpg\" class=\"lazyload fade-up\" alt=\"Color Name\"></a></li></ul></div><div class=\"prd-info\"><div class=\"prd-info-wrap\"><div class=\"prd-info-top\"><div class=\"prd-rating\"><i class=\"icon-star-fill fill\"></i><i class=\"icon-star-fill fill\"></i><i class=\"icon-star-fill fill\"></i><i class=\"icon-star-fill fill\"></i><i class=\"icon-star-fill fill\"></i></div><div class=\"prd-tag\"><a href=\"#\">Banita</a></div></div><div class=\"prd-rating justify-content-center\"><i class=\"icon-star-fill fill\"></i><i class=\"icon-star-fill fill\"></i><i class=\"icon-star-fill fill\"></i><i class=\"icon-star-fill fill\"></i><i class=\"icon-star-fill fill\"></i></div><div class=\"prd-tag\"><a href=\"#\">Banita</a></div><h2 class=\"prd-title\"><a href=\"product.html\">Denim Mini Skirt</a></h2><div class=\"prd-description\">Quisque volutpat condimentum velit. Class aptent taciti sociosqu ad litora torquent per conubia nostra, per inceptos himenaeos. Nam nec ante. Sed lacinia, urna non tincidunt mattis, tortor neque adipiscing diam, a cursus ipsum ante quis turpis. Nulla facilisi.</div></div><div class=\"prd-hovers\"><div class=\"prd-circle-labels\"><div><a href=\"#\" class=\"circle-label-compare circle-label-wishlist--add js-add-wishlist mt-0\" title=\"Add To Wishlist\"><i class=\"icon-heart-stroke\"></i></a><a href=\"#\" class=\"circle-label-compare circle-label-wishlist--off js-remove-wishlist mt-0\" title=\"Remove From Wishlist\"><i class=\"icon-heart-hover\"></i></a> </div><div><a href=\"#\" class=\"circle-label-qview prd-hide-mobile js-prd-quickview\" data-src=\"ajax/ajax-quickview.html\"><i class=\"icon-eye\"></i><span>QUICK VIEW</span></a></div></div><div class=\"prd-price\"><div class=\"price-new\">$ 180</div></div><div class=\"prd-action\"><div class=\"prd-action-left\"><form action=\"#\"><button class=\"btn js-prd-addtocart\" data-product='{\"name\":\"Denim Mini Skirt\",\"path\":\"images/skins/fashion/products/product-07-1.jpg\",\"url\":\"product.html\",\"aspect_ratio\":0.778}'>Add To Cart</button></form></div></div></div></div></div></div>"   },   {      "product":"<div class=\"prd prd--style2 prd-labels--max prd-labels-shadow \"><div class=\"prd-inside\"><div class=\"prd-img-area\"><a href=\"product.html\" class=\"prd-img image-hover-scale image-container\" style=\"padding-bottom: 128.48%\"><img data-src=\"images/skins/fashion/products/product-08-1.jpg\" alt=\"Peg Leg Trousers\" class=\"js-prd-img lazyload fade-up\"><div class=\"foxic-loader\"></div><div class=\"prd-big-squared-labels\"><div class=\"label-sale\"><span>-10% <span class=\"sale-text\">Sale</span></span><div class=\"countdown-circle\"><div class=\"countdown js-countdown\" data-countdown=\"2020/05/31\"></div></div></div></div></a><div class=\"prd-circle-labels\"><a href=\"#\" class=\"circle-label-compare circle-label-wishlist--add js-add-wishlist mt-0\" title=\"Add To Wishlist\"><i class=\"icon-heart-stroke\"></i></a><a href=\"#\" class=\"circle-label-compare circle-label-wishlist--off js-remove-wishlist mt-0\" title=\"Remove From Wishlist\"><i class=\"icon-heart-hover\"></i></a> <a href=\"#\" class=\"circle-label-qview js-prd-quickview prd-hide-mobile\" data-src=\"ajax/ajax-quickview.html\"><i class=\"icon-eye\"></i><span>QUICK VIEW</span></a></div><ul class=\"list-options color-swatch\"><li data-image=\"images/skins/fashion/products/product-08-1.jpg\" class=\"active\"><a href=\"#\" class=\"js-color-toggle\" data-toggle=\"tooltip\" data-placement=\"right\" title=\"Color Name\"><img data-src=\"images/skins/fashion/products/product-08-1.jpg\" class=\"lazyload fade-up\" alt=\"Color Name\"></a></li><li data-image=\"images/skins/fashion/products/product-08-2.jpg\"><a href=\"#\" class=\"js-color-toggle\" data-toggle=\"tooltip\" data-placement=\"right\" title=\"Color Name\"><img data-src=\"images/skins/fashion/products/product-08-2.jpg\" class=\"lazyload fade-up\" alt=\"Color Name\"></a></li><li data-image=\"images/skins/fashion/products/product-08-3.jpg\"><a href=\"#\" class=\"js-color-toggle\" data-toggle=\"tooltip\" data-placement=\"right\" title=\"Color Name\"><img data-src=\"images/skins/fashion/products/product-08-3.jpg\" class=\"lazyload fade-up\" alt=\"Color Name\"></a></li></ul></div><div class=\"prd-info\"><div class=\"prd-info-wrap\"><div class=\"prd-info-top\"><div class=\"prd-rating\"><i class=\"icon-star-fill fill\"></i><i class=\"icon-star-fill fill\"></i><i class=\"icon-star-fill fill\"></i><i class=\"icon-star-fill fill\"></i><i class=\"icon-star-fill fill\"></i></div><div class=\"prd-tag\"><a href=\"#\">FOXic</a></div></div><div class=\"prd-rating justify-content-center\"><i class=\"icon-star-fill fill\"></i><i class=\"icon-star-fill fill\"></i><i class=\"icon-star-fill fill\"></i><i class=\"icon-star-fill fill\"></i><i class=\"icon-star-fill fill\"></i></div><div class=\"prd-tag\"><a href=\"#\">FOXic</a></div><h2 class=\"prd-title\"><a href=\"product.html\">Peg Leg Trousers</a></h2><div class=\"prd-description\">Quisque volutpat condimentum velit. Class aptent taciti sociosqu ad litora torquent per conubia nostra, per inceptos himenaeos. Nam nec ante. Sed lacinia, urna non tincidunt mattis, tortor neque adipiscing diam, a cursus ipsum ante quis turpis. Nulla facilisi.</div></div><div class=\"prd-hovers\"><div class=\"prd-circle-labels\"><div><a href=\"#\" class=\"circle-label-compare circle-label-wishlist--add js-add-wishlist mt-0\" title=\"Add To Wishlist\"><i class=\"icon-heart-stroke\"></i></a><a href=\"#\" class=\"circle-label-compare circle-label-wishlist--off js-remove-wishlist mt-0\" title=\"Remove From Wishlist\"><i class=\"icon-heart-hover\"></i></a> </div><div><a href=\"#\" class=\"circle-label-qview prd-hide-mobile js-prd-quickview\" data-src=\"ajax/ajax-quickview.html\"><i class=\"icon-eye\"></i><span>QUICK VIEW</span></a></div></div><div class=\"prd-price\"><div class=\"price-old\">$ 200</div><div class=\"price-new\">$ 180</div></div><div class=\"prd-action\"><div class=\"prd-action-left\"><form action=\"#\"><button class=\"btn js-prd-addtocart\" data-product='{\"name\":\"Peg Leg Trousers\",\"path\":\"images/skins/fashion/products/product-08-1.jpg\",\"url\":\"product.html\",\"aspect_ratio\":0.778}'>Add To Cart</button></form></div></div></div></div></div></div>"   },   {      "product":"<div class=\"prd prd--style2 prd-labels--max prd-labels-shadow \"><div class=\"prd-inside\"><div class=\"prd-img-area\"><a href=\"product.html\" class=\"prd-img image-hover-scale image-container\" style=\"padding-bottom: 128.48%\"><img data-src=\"images/skins/fashion/products/product-09-1.jpg\" alt=\"Skinny Jeans\" class=\"js-prd-img lazyload fade-up\"><div class=\"foxic-loader\"></div><div class=\"prd-big-squared-labels\"><div class=\"label-new\"><span>New</span></div></div></a><div class=\"prd-circle-labels\"><a href=\"#\" class=\"circle-label-compare circle-label-wishlist--add js-add-wishlist mt-0\" title=\"Add To Wishlist\"><i class=\"icon-heart-stroke\"></i></a><a href=\"#\" class=\"circle-label-compare circle-label-wishlist--off js-remove-wishlist mt-0\" title=\"Remove From Wishlist\"><i class=\"icon-heart-hover\"></i></a> <a href=\"#\" class=\"circle-label-qview js-prd-quickview prd-hide-mobile\" data-src=\"ajax/ajax-quickview.html\"><i class=\"icon-eye\"></i><span>QUICK VIEW</span></a></div><ul class=\"list-options color-swatch\"><li data-image=\"images/skins/fashion/products/product-09-1.jpg\" class=\"active\"><a href=\"#\" class=\"js-color-toggle\" data-toggle=\"tooltip\" data-placement=\"right\" title=\"Color Name\"><img data-src=\"images/skins/fashion/products/product-09-1.jpg\" class=\"lazyload fade-up\" alt=\"Color Name\"></a></li><li data-image=\"images/skins/fashion/products/product-09-2.jpg\"><a href=\"#\" class=\"js-color-toggle\" data-toggle=\"tooltip\" data-placement=\"right\" title=\"Color Name\"><img data-src=\"images/skins/fashion/products/product-09-2.jpg\" class=\"lazyload fade-up\" alt=\"Color Name\"></a></li><li data-image=\"images/skins/fashion/products/product-09-3.jpg\"><a href=\"#\" class=\"js-color-toggle\" data-toggle=\"tooltip\" data-placement=\"right\" title=\"Color Name\"><img data-src=\"images/skins/fashion/products/product-09-3.jpg\" class=\"lazyload fade-up\" alt=\"Color Name\"></a></li></ul></div><div class=\"prd-info\"><div class=\"prd-info-wrap\"><div class=\"prd-info-top\"><div class=\"prd-rating\"><i class=\"icon-star-fill fill\"></i><i class=\"icon-star-fill fill\"></i><i class=\"icon-star-fill fill\"></i><i class=\"icon-star-fill fill\"></i><i class=\"icon-star-fill fill\"></i></div><div class=\"prd-tag\"><a href=\"#\">FOXic</a></div></div><div class=\"prd-rating justify-content-center\"><i class=\"icon-star-fill fill\"></i><i class=\"icon-star-fill fill\"></i><i class=\"icon-star-fill fill\"></i><i class=\"icon-star-fill fill\"></i><i class=\"icon-star-fill fill\"></i></div><div class=\"prd-tag\"><a href=\"#\">FOXic</a></div><h2 class=\"prd-title\"><a href=\"product.html\">Skinny Jeans</a></h2><div class=\"prd-description\">Quisque volutpat condimentum velit. Class aptent taciti sociosqu ad litora torquent per conubia nostra, per inceptos himenaeos. Nam nec ante. Sed lacinia, urna non tincidunt mattis, tortor neque adipiscing diam, a cursus ipsum ante quis turpis. Nulla facilisi.</div></div><div class=\"prd-hovers\"><div class=\"prd-circle-labels\"><div><a href=\"#\" class=\"circle-label-compare circle-label-wishlist--add js-add-wishlist mt-0\" title=\"Add To Wishlist\"><i class=\"icon-heart-stroke\"></i></a><a href=\"#\" class=\"circle-label-compare circle-label-wishlist--off js-remove-wishlist mt-0\" title=\"Remove From Wishlist\"><i class=\"icon-heart-hover\"></i></a> </div><div><a href=\"#\" class=\"circle-label-qview prd-hide-mobile js-prd-quickview\" data-src=\"ajax/ajax-quickview.html\"><i class=\"icon-eye\"></i><span>QUICK VIEW</span></a></div></div><div class=\"prd-price\"><div class=\"price-new\">$ 180</div></div><div class=\"prd-action\"><div class=\"prd-action-left\"><form action=\"#\"><button class=\"btn js-prd-addtocart\" data-product='{\"name\":\"Skinny Jeans\",\"path\":\"images/skins/fashion/products/product-09-1.jpg\",\"url\":\"product.html\",\"aspect_ratio\":0.778}'>Add To Cart</button></form></div></div></div></div></div></div>"   },   {      "product":"<div class=\"prd prd--style2 prd-labels--max prd-labels-shadow \"><div class=\"prd-inside\"><div class=\"prd-img-area\"><a href=\"product.html\" class=\"prd-img image-hover-scale image-container\" style=\"padding-bottom: 128.48%\"><img data-src=\"images/skins/fashion/products/product-10-1.jpg\" alt=\"Short Sleeve Blouse\" class=\"js-prd-img lazyload fade-up\"><div class=\"foxic-loader\"></div><div class=\"prd-big-squared-labels\"><div class=\"label-sale\"><span>-10% <span class=\"sale-text\">Sale</span></span><div class=\"countdown-circle\"><div class=\"countdown js-countdown\" data-countdown=\"2020/05/31\"></div></div></div></div></a><div class=\"prd-circle-labels\"><a href=\"#\" class=\"circle-label-compare circle-label-wishlist--add js-add-wishlist mt-0\" title=\"Add To Wishlist\"><i class=\"icon-heart-stroke\"></i></a><a href=\"#\" class=\"circle-label-compare circle-label-wishlist--off js-remove-wishlist mt-0\" title=\"Remove From Wishlist\"><i class=\"icon-heart-hover\"></i></a> <a href=\"#\" class=\"circle-label-qview js-prd-quickview prd-hide-mobile\" data-src=\"ajax/ajax-quickview.html\"><i class=\"icon-eye\"></i><span>QUICK VIEW</span></a></div><ul class=\"list-options color-swatch\"><li data-image=\"images/skins/fashion/products/product-10-1.jpg\" class=\"active\"><a href=\"#\" class=\"js-color-toggle\" data-toggle=\"tooltip\" data-placement=\"right\" title=\"Color Name\"><img data-src=\"images/skins/fashion/products/product-10-1.jpg\" class=\"lazyload fade-up\" alt=\"Color Name\"></a></li><li data-image=\"images/skins/fashion/products/product-10-2.jpg\"><a href=\"#\" class=\"js-color-toggle\" data-toggle=\"tooltip\" data-placement=\"right\" title=\"Color Name\"><img data-src=\"images/skins/fashion/products/product-10-2.jpg\" class=\"lazyload fade-up\" alt=\"Color Name\"></a></li><li data-image=\"images/skins/fashion/products/product-10-3.jpg\"><a href=\"#\" class=\"js-color-toggle\" data-toggle=\"tooltip\" data-placement=\"right\" title=\"Color Name\"><img data-src=\"images/skins/fashion/products/product-10-3.jpg\" class=\"lazyload fade-up\" alt=\"Color Name\"></a></li></ul></div><div class=\"prd-info\"><div class=\"prd-info-wrap\"><div class=\"prd-info-top\"><div class=\"prd-rating\"><i class=\"icon-star-fill fill\"></i><i class=\"icon-star-fill fill\"></i><i class=\"icon-star-fill fill\"></i><i class=\"icon-star-fill fill\"></i><i class=\"icon-star-fill fill\"></i></div><div class=\"prd-tag\"><a href=\"#\">FOXic</a></div></div><div class=\"prd-rating justify-content-center\"><i class=\"icon-star-fill fill\"></i><i class=\"icon-star-fill fill\"></i><i class=\"icon-star-fill fill\"></i><i class=\"icon-star-fill fill\"></i><i class=\"icon-star-fill fill\"></i></div><div class=\"prd-tag\"><a href=\"#\">FOXic</a></div><h2 class=\"prd-title\"><a href=\"product.html\">Short Sleeve Blouse</a></h2><div class=\"prd-description\">Quisque volutpat condimentum velit. Class aptent taciti sociosqu ad litora torquent per conubia nostra, per inceptos himenaeos. Nam nec ante. Sed lacinia, urna non tincidunt mattis, tortor neque adipiscing diam, a cursus ipsum ante quis turpis. Nulla facilisi.</div></div><div class=\"prd-hovers\"><div class=\"prd-circle-labels\"><div><a href=\"#\" class=\"circle-label-compare circle-label-wishlist--add js-add-wishlist mt-0\" title=\"Add To Wishlist\"><i class=\"icon-heart-stroke\"></i></a><a href=\"#\" class=\"circle-label-compare circle-label-wishlist--off js-remove-wishlist mt-0\" title=\"Remove From Wishlist\"><i class=\"icon-heart-hover\"></i></a> </div><div><a href=\"#\" class=\"circle-label-qview prd-hide-mobile js-prd-quickview\" data-src=\"ajax/ajax-quickview.html\"><i class=\"icon-eye\"></i><span>QUICK VIEW</span></a></div></div><div class=\"prd-price\"><div class=\"price-old\">$ 200</div><div class=\"price-new\">$ 180</div></div><div class=\"prd-action\"><div class=\"prd-action-left\"><form action=\"#\"><button class=\"btn js-prd-addtocart\" data-product='{\"name\":\"Short Sleeve Blouse\",\"path\":\"images/skins/fashion/products/product-10-1.jpg\",\"url\":\"product.html\",\"aspect_ratio\":0.778}'>Add To Cart</button></form></div></div></div></div></div></div>"   }]