[   {      "product":"<div class=\"prd prd--style2 prd-labels--max prd-labels-shadow \"><div class=\"prd-inside\"><div class=\"prd-img-area\"><a href=\"product.html\" class=\"prd-img image-hover-scale image-container\" style=\"padding-bottom: 128.48%\"><img data-src=\"images/skins/fashion/products/product-11-1.jpg\" alt=\"Jogger Lounge Pants\" class=\"js-prd-img lazyload fade-up\"><div class=\"foxic-loader\"></div><div class=\"prd-big-squared-labels\"><div class=\"label-sale\"><span>-10% <span class=\"sale-text\">Sale</span></span><div class=\"countdown-circle\"><div class=\"countdown js-countdown\" data-countdown=\"2020/05/31\"></div></div></div></div></a><div class=\"prd-circle-labels\"><a href=\"#\" class=\"circle-label-compare circle-label-wishlist--add js-add-wishlist mt-0\" title=\"Add To Wishlist\"><i class=\"icon-heart-stroke\"></i></a><a href=\"#\" class=\"circle-label-compare circle-label-wishlist--off js-remove-wishlist mt-0\" title=\"Remove From Wishlist\"><i class=\"icon-heart-hover\"></i></a> <a href=\"#\" class=\"circle-label-qview js-prd-quickview prd-hide-mobile\" data-src=\"ajax/ajax-quickview.html\"><i class=\"icon-eye\"></i><span>QUICK VIEW</span></a></div><ul class=\"list-options color-swatch\"><li data-image=\"images/skins/fashion/products/product-11-1.jpg\" class=\"active\"><a href=\"#\" class=\"js-color-toggle\" data-toggle=\"tooltip\" data-placement=\"right\" title=\"Color Name\"><img data-src=\"images/skins/fashion/products/product-11-1.jpg\" class=\"lazyload fade-up\" alt=\"Color Name\"></a></li><li data-image=\"images/skins/fashion/products/product-11-2.jpg\"><a href=\"#\" class=\"js-color-toggle\" data-toggle=\"tooltip\" data-placement=\"right\" title=\"Color Name\"><img data-src=\"images/skins/fashion/products/product-11-2.jpg\" class=\"lazyload fade-up\" alt=\"Color Name\"></a></li><li data-image=\"images/skins/fashion/products/product-11-3.jpg\"><a href=\"#\" class=\"js-color-toggle\" data-toggle=\"tooltip\" data-placement=\"right\" title=\"Color Name\"><img data-src=\"images/skins/fashion/products/product-11-3.jpg\" class=\"lazyload fade-up\" alt=\"Color Name\"></a></li></ul></div><div class=\"prd-info\"><div class=\"prd-info-wrap\"><div class=\"prd-info-top\"><div class=\"prd-rating\"><i class=\"icon-star-fill fill\"></i><i class=\"icon-star-fill fill\"></i><i class=\"icon-star-fill fill\"></i><i class=\"icon-star-fill fill\"></i><i class=\"icon-star-fill fill\"></i></div><div class=\"prd-tag\"><a href=\"#\">FOXic</a></div></div><div class=\"prd-rating justify-content-center\"><i class=\"icon-star-fill fill\"></i><i class=\"icon-star-fill fill\"></i><i class=\"icon-star-fill fill\"></i><i class=\"icon-star-fill fill\"></i><i class=\"icon-star-fill fill\"></i></div><div class=\"prd-tag\"><a href=\"#\">FOXic</a></div><h2 class=\"prd-title\"><a href=\"product.html\">Jogger Lounge Pants</a></h2><div class=\"prd-description\">Quisque volutpat condimentum velit. Class aptent taciti sociosqu ad litora torquent per conubia nostra, per inceptos himenaeos. Nam nec ante. Sed lacinia, urna non tincidunt mattis, tortor neque adipiscing diam, a cursus ipsum ante quis turpis. Nulla facilisi.</div></div><div class=\"prd-hovers\"><div class=\"prd-circle-labels\"><div><a href=\"#\" class=\"circle-label-compare circle-label-wishlist--add js-add-wishlist mt-0\" title=\"Add To Wishlist\"><i class=\"icon-heart-stroke\"></i></a><a href=\"#\" class=\"circle-label-compare circle-label-wishlist--off js-remove-wishlist mt-0\" title=\"Remove From Wishlist\"><i class=\"icon-heart-hover\"></i></a> </div><div><a href=\"#\" class=\"circle-label-qview prd-hide-mobile js-prd-quickview\" data-src=\"ajax/ajax-quickview.html\"><i class=\"icon-eye\"></i><span>QUICK VIEW</span></a></div></div><div class=\"prd-price\"><div class=\"price-old\">$ 200</div><div class=\"price-new\">$ 180</div></div><div class=\"prd-action\"><div class=\"prd-action-left\"><form action=\"#\"><button class=\"btn js-prd-addtocart\" data-product='{\"name\":\"Jogger Lounge Pants\",\"path\":\"images/skins/fashion/products/product-11-1.jpg\",\"url\":\"product.html\",\"aspect_ratio\":0.778}'>Add To Cart</button></form></div></div></div></div></div></div>"   },   {      "product":"<div class=\"prd prd--style2 prd-labels--max prd-labels-shadow \"><div class=\"prd-inside\"><div class=\"prd-img-area\"><a href=\"product.html\" class=\"prd-img image-hover-scale image-container\" style=\"padding-bottom: 128.48%\"><img data-src=\"images/skins/fashion/products/product-13-1.jpg\" alt=\"Peg Cropped Cuffed Pants\" class=\"js-prd-img lazyload fade-up\"><div class=\"foxic-loader\"></div><div class=\"prd-big-squared-labels\"><div class=\"label-new\"><span>New</span></div></div></a><div class=\"prd-circle-labels\"><a href=\"#\" class=\"circle-label-compare circle-label-wishlist--add js-add-wishlist mt-0\" title=\"Add To Wishlist\"><i class=\"icon-heart-stroke\"></i></a><a href=\"#\" class=\"circle-label-compare circle-label-wishlist--off js-remove-wishlist mt-0\" title=\"Remove From Wishlist\"><i class=\"icon-heart-hover\"></i></a> <a href=\"#\" class=\"circle-label-qview js-prd-quickview prd-hide-mobile\" data-src=\"ajax/ajax-quickview.html\"><i class=\"icon-eye\"></i><span>QUICK VIEW</span></a></div><ul class=\"list-options color-swatch\"><li data-image=\"images/skins/fashion/products/product-13-1.jpg\" class=\"active\"><a href=\"#\" class=\"js-color-toggle\" data-toggle=\"tooltip\" data-placement=\"right\" title=\"Color Name\"><img data-src=\"images/skins/fashion/products/product-13-1.jpg\" class=\"lazyload fade-up\" alt=\"Color Name\"></a></li><li data-image=\"images/skins/fashion/products/product-13-2.jpg\"><a href=\"#\" class=\"js-color-toggle\" data-toggle=\"tooltip\" data-placement=\"right\" title=\"Color Name\"><img data-src=\"images/skins/fashion/products/product-13-2.jpg\" class=\"lazyload fade-up\" alt=\"Color Name\"></a></li><li data-image=\"images/skins/fashion/products/product-13-3.jpg\"><a href=\"#\" class=\"js-color-toggle\" data-toggle=\"tooltip\" data-placement=\"right\" title=\"Color Name\"><img data-src=\"images/skins/fashion/products/product-13-3.jpg\" class=\"lazyload fade-up\" alt=\"Color Name\"></a></li></ul></div><div class=\"prd-info\"><div class=\"prd-info-wrap\"><div class=\"prd-info-top\"><div class=\"prd-rating\"><i class=\"icon-star-fill fill\"></i><i class=\"icon-star-fill fill\"></i><i class=\"icon-star-fill fill\"></i><i class=\"icon-star-fill fill\"></i><i class=\"icon-star-fill fill\"></i></div><div class=\"prd-tag\"><a href=\"#\">FOXic</a></div></div><div class=\"prd-rating justify-content-center\"><i class=\"icon-star-fill fill\"></i><i class=\"icon-star-fill fill\"></i><i class=\"icon-star-fill fill\"></i><i class=\"icon-star-fill fill\"></i><i class=\"icon-star-fill fill\"></i></div><div class=\"prd-tag\"><a href=\"#\">FOXic</a></div><h2 class=\"prd-title\"><a href=\"product.html\">Peg Cropped Cuffed Pants</a></h2><div class=\"prd-description\">Quisque volutpat condimentum velit. Class aptent taciti sociosqu ad litora torquent per conubia nostra, per inceptos himenaeos. Nam nec ante. Sed lacinia, urna non tincidunt mattis, tortor neque adipiscing diam, a cursus ipsum ante quis turpis. Nulla facilisi.</div></div><div class=\"prd-hovers\"><div class=\"prd-circle-labels\"><div><a href=\"#\" class=\"circle-label-compare circle-label-wishlist--add js-add-wishlist mt-0\" title=\"Add To Wishlist\"><i class=\"icon-heart-stroke\"></i></a><a href=\"#\" class=\"circle-label-compare circle-label-wishlist--off js-remove-wishlist mt-0\" title=\"Remove From Wishlist\"><i class=\"icon-heart-hover\"></i></a> </div><div><a href=\"#\" class=\"circle-label-qview prd-hide-mobile js-prd-quickview\" data-src=\"ajax/ajax-quickview.html\"><i class=\"icon-eye\"></i><span>QUICK VIEW</span></a></div></div><div class=\"prd-price\"><div class=\"price-new\">$ 180</div></div><div class=\"prd-action\"><div class=\"prd-action-left\"><form action=\"#\"><button class=\"btn js-prd-addtocart\" data-product='{\"name\":\"Peg Cropped Cuffed Pants\",\"path\":\"images/skins/fashion/products/product-13-1.jpg\",\"url\":\"product.html\",\"aspect_ratio\":0.778}'>Add To Cart</button></form></div></div></div></div></div></div>"   },   {      "product":"<div class=\"prd prd--style2 prd-labels--max prd-labels-shadow \"><div class=\"prd-inside\"><div class=\"prd-img-area\"><a href=\"product.html\" class=\"prd-img image-hover-scale image-container\" style=\"padding-bottom: 128.48%\"><img data-src=\"images/skins/fashion/products/product-14-1.jpg\" alt=\"Classic Chinos Pants\" class=\"js-prd-img lazyload fade-up\"><div class=\"foxic-loader\"></div><div class=\"prd-big-squared-labels\"><div class=\"label-new\"><span>New</span></div><div class=\"label-sale\"><span>-10% <span class=\"sale-text\">Sale</span></span><div class=\"countdown-circle\"><div class=\"countdown js-countdown\" data-countdown=\"2020/05/31\"></div></div></div></div></a><div class=\"prd-circle-labels\"><a href=\"#\" class=\"circle-label-compare circle-label-wishlist--add js-add-wishlist mt-0\" title=\"Add To Wishlist\"><i class=\"icon-heart-stroke\"></i></a><a href=\"#\" class=\"circle-label-compare circle-label-wishlist--off js-remove-wishlist mt-0\" title=\"Remove From Wishlist\"><i class=\"icon-heart-hover\"></i></a> <a href=\"#\" class=\"circle-label-qview js-prd-quickview prd-hide-mobile\" data-src=\"ajax/ajax-quickview.html\"><i class=\"icon-eye\"></i><span>QUICK VIEW</span></a></div><ul class=\"list-options color-swatch\"><li data-image=\"images/skins/fashion/products/product-14-1.jpg\" class=\"active\"><a href=\"#\" class=\"js-color-toggle\" data-toggle=\"tooltip\" data-placement=\"right\" title=\"Color Name\"><img data-src=\"images/skins/fashion/products/product-14-1.jpg\" class=\"lazyload fade-up\" alt=\"Color Name\"></a></li><li data-image=\"images/skins/fashion/products/product-14-2.jpg\"><a href=\"#\" class=\"js-color-toggle\" data-toggle=\"tooltip\" data-placement=\"right\" title=\"Color Name\"><img data-src=\"images/skins/fashion/products/product-14-2.jpg\" class=\"lazyload fade-up\" alt=\"Color Name\"></a></li><li data-image=\"images/skins/fashion/products/product-14-3.jpg\"><a href=\"#\" class=\"js-color-toggle\" data-toggle=\"tooltip\" data-placement=\"right\" title=\"Color Name\"><img data-src=\"images/skins/fashion/products/product-14-3.jpg\" class=\"lazyload fade-up\" alt=\"Color Name\"></a></li></ul></div><div class=\"prd-info\"><div class=\"prd-info-wrap\"><div class=\"prd-info-top\"><div class=\"prd-rating\"><i class=\"icon-star-fill fill\"></i><i class=\"icon-star-fill fill\"></i><i class=\"icon-star-fill fill\"></i><i class=\"icon-star-fill fill\"></i><i class=\"icon-star-fill fill\"></i></div><div class=\"prd-tag\"><a href=\"#\">FOXic</a></div></div><div class=\"prd-rating justify-content-center\"><i class=\"icon-star-fill fill\"></i><i class=\"icon-star-fill fill\"></i><i class=\"icon-star-fill fill\"></i><i class=\"icon-star-fill fill\"></i><i class=\"icon-star-fill fill\"></i></div><div class=\"prd-tag\"><a href=\"#\">FOXic</a></div><h2 class=\"prd-title\"><a href=\"product.html\">Classic Chinos Pants</a></h2><div class=\"prd-description\">Quisque volutpat condimentum velit. Class aptent taciti sociosqu ad litora torquent per conubia nostra, per inceptos himenaeos. Nam nec ante. Sed lacinia, urna non tincidunt mattis, tortor neque adipiscing diam, a cursus ipsum ante quis turpis. Nulla facilisi.</div></div><div class=\"prd-hovers\"><div class=\"prd-circle-labels\"><div><a href=\"#\" class=\"circle-label-compare circle-label-wishlist--add js-add-wishlist mt-0\" title=\"Add To Wishlist\"><i class=\"icon-heart-stroke\"></i></a><a href=\"#\" class=\"circle-label-compare circle-label-wishlist--off js-remove-wishlist mt-0\" title=\"Remove From Wishlist\"><i class=\"icon-heart-hover\"></i></a> </div><div><a href=\"#\" class=\"circle-label-qview prd-hide-mobile js-prd-quickview\" data-src=\"ajax/ajax-quickview.html\"><i class=\"icon-eye\"></i><span>QUICK VIEW</span></a></div></div><div class=\"prd-price\"><div class=\"price-old\">$ 200</div><div class=\"price-new\">$ 180</div></div><div class=\"prd-action\"><div class=\"prd-action-left\"><form action=\"#\"><button class=\"btn js-prd-addtocart\" data-product='{\"name\":\"Classic Chinos Pants\",\"path\":\"images/skins/fashion/products/product-14-1.jpg\",\"url\":\"product.html\",\"aspect_ratio\":0.778}'>Add To Cart</button></form></div></div></div></div></div></div>"   },   {      "product":"<div class=\"prd prd--style2 prd-labels--max prd-labels-shadow \"><div class=\"prd-inside\"><div class=\"prd-img-area\"><a href=\"product.html\" class=\"prd-img image-hover-scale image-container\" style=\"padding-bottom: 128.48%\"><img data-src=\"images/skins/fashion/products/product-15-1.jpg\" alt=\"Stand Up Collar Shirt\" class=\"js-prd-img lazyload fade-up\"><div class=\"foxic-loader\"></div><div class=\"prd-big-squared-labels\"><div class=\"label-new\"><span>New</span></div></div></a><div class=\"prd-circle-labels\"><a href=\"#\" class=\"circle-label-compare circle-label-wishlist--add js-add-wishlist mt-0\" title=\"Add To Wishlist\"><i class=\"icon-heart-stroke\"></i></a><a href=\"#\" class=\"circle-label-compare circle-label-wishlist--off js-remove-wishlist mt-0\" title=\"Remove From Wishlist\"><i class=\"icon-heart-hover\"></i></a> <a href=\"#\" class=\"circle-label-qview js-prd-quickview prd-hide-mobile\" data-src=\"ajax/ajax-quickview.html\"><i class=\"icon-eye\"></i><span>QUICK VIEW</span></a></div><ul class=\"list-options color-swatch\"><li data-image=\"images/skins/fashion/products/product-15-1.jpg\" class=\"active\"><a href=\"#\" class=\"js-color-toggle\" data-toggle=\"tooltip\" data-placement=\"right\" title=\"Color Name\"><img data-src=\"images/skins/fashion/products/product-15-1.jpg\" class=\"lazyload fade-up\" alt=\"Color Name\"></a></li><li data-image=\"images/skins/fashion/products/product-15-2.jpg\"><a href=\"#\" class=\"js-color-toggle\" data-toggle=\"tooltip\" data-placement=\"right\" title=\"Color Name\"><img data-src=\"images/skins/fashion/products/product-15-2.jpg\" class=\"lazyload fade-up\" alt=\"Color Name\"></a></li><li data-image=\"images/skins/fashion/products/product-15-3.jpg\"><a href=\"#\" class=\"js-color-toggle\" data-toggle=\"tooltip\" data-placement=\"right\" title=\"Color Name\"><img data-src=\"images/skins/fashion/products/product-15-3.jpg\" class=\"lazyload fade-up\" alt=\"Color Name\"></a></li></ul></div><div class=\"prd-info\"><div class=\"prd-info-wrap\"><div class=\"prd-info-top\"><div class=\"prd-rating\"><i class=\"icon-star-fill fill\"></i><i class=\"icon-star-fill fill\"></i><i class=\"icon-star-fill fill\"></i><i class=\"icon-star-fill fill\"></i><i class=\"icon-star-fill fill\"></i></div><div class=\"prd-tag\"><a href=\"#\">FOXic</a></div></div><div class=\"prd-rating justify-content-center\"><i class=\"icon-star-fill fill\"></i><i class=\"icon-star-fill fill\"></i><i class=\"icon-star-fill fill\"></i><i class=\"icon-star-fill fill\"></i><i class=\"icon-star-fill fill\"></i></div><div class=\"prd-tag\"><a href=\"#\">FOXic</a></div><h2 class=\"prd-title\"><a href=\"product.html\">Stand Up Collar Shirt</a></h2><div class=\"prd-description\">Quisque volutpat condimentum velit. Class aptent taciti sociosqu ad litora torquent per conubia nostra, per inceptos himenaeos. Nam nec ante. Sed lacinia, urna non tincidunt mattis, tortor neque adipiscing diam, a cursus ipsum ante quis turpis. Nulla facilisi.</div></div><div class=\"prd-hovers\"><div class=\"prd-circle-labels\"><div><a href=\"#\" class=\"circle-label-compare circle-label-wishlist--add js-add-wishlist mt-0\" title=\"Add To Wishlist\"><i class=\"icon-heart-stroke\"></i></a><a href=\"#\" class=\"circle-label-compare circle-label-wishlist--off js-remove-wishlist mt-0\" title=\"Remove From Wishlist\"><i class=\"icon-heart-hover\"></i></a> </div><div><a href=\"#\" class=\"circle-label-qview prd-hide-mobile js-prd-quickview\" data-src=\"ajax/ajax-quickview.html\"><i class=\"icon-eye\"></i><span>QUICK VIEW</span></a></div></div><div class=\"prd-price\"><div class=\"price-new\">$ 180</div></div><div class=\"prd-action\"><div class=\"prd-action-left\"><form action=\"#\"><button class=\"btn js-prd-addtocart\" data-product='{\"name\":\"Stand Up Collar Shirt\",\"path\":\"images/skins/fashion/products/product-15-1.jpg\",\"url\":\"product.html\",\"aspect_ratio\":0.778}'>Add To Cart</button></form></div></div></div></div></div></div>"   },   {      "product":"<div class=\"prd prd--style2 prd-labels--max prd-labels-shadow \"><div class=\"prd-inside\"><div class=\"prd-img-area\"><a href=\"product.html\" class=\"prd-img image-hover-scale image-container\" style=\"padding-bottom: 128.48%\"><img data-src=\"images/skins/fashion/products/product-16-1.jpg\" alt=\"Cascade Casual Shirt\" class=\"js-prd-img lazyload fade-up\"><div class=\"foxic-loader\"></div><div class=\"prd-big-squared-labels\"></div></a><div class=\"prd-circle-labels\"><a href=\"#\" class=\"circle-label-compare circle-label-wishlist--add js-add-wishlist mt-0\" title=\"Add To Wishlist\"><i class=\"icon-heart-stroke\"></i></a><a href=\"#\" class=\"circle-label-compare circle-label-wishlist--off js-remove-wishlist mt-0\" title=\"Remove From Wishlist\"><i class=\"icon-heart-hover\"></i></a> <a href=\"#\" class=\"circle-label-qview js-prd-quickview prd-hide-mobile\" data-src=\"ajax/ajax-quickview.html\"><i class=\"icon-eye\"></i><span>QUICK VIEW</span></a><div class=\"colorswatch-label colorswatch-label--variants js-prd-colorswatch\"><i class=\"icon-palette\"><span class=\"path1\"></span><span class=\"path2\"></span><span class=\"path3\"></span><span class=\"path4\"></span><span class=\"path5\"></span><span class=\"path6\"></span><span class=\"path7\"></span><span class=\"path8\"></span><span class=\"path9\"></span><span class=\"path10\"></span></i><ul><li data-image=\"images/skins/fashion/products/product-16-1.jpg\"><a class=\"js-color-toggle\" data-toggle=\"tooltip\" data-placement=\"left\" title=\"Color Name\"><img src=\"images/colorswatch/color-grey.jpg\" alt=\"\"></a></li><li data-image=\"images/skins/fashion/products/product-16-color-2.jpg\"><a class=\"js-color-toggle\" data-toggle=\"tooltip\" data-placement=\"left\" title=\"Color Name\"><img src=\"images/colorswatch/color-green.jpg\" alt=\"\"></a></li><li data-image=\"images/skins/fashion/products/product-16-color-3.jpg\"><a class=\"js-color-toggle\" data-toggle=\"tooltip\" data-placement=\"left\" title=\"Color Name\"><img src=\"images/colorswatch/color-black.jpg\" alt=\"\"></a></li></ul></div></div><ul class=\"list-options color-swatch\"><li data-image=\"images/skins/fashion/products/product-16-1.jpg\" class=\"active\"><a href=\"#\" class=\"js-color-toggle\" data-toggle=\"tooltip\" data-placement=\"right\" title=\"Color Name\"><img data-src=\"images/skins/fashion/products/product-16-1.jpg\" class=\"lazyload fade-up\" alt=\"Color Name\"></a></li><li data-image=\"images/skins/fashion/products/product-16-2.jpg\"><a href=\"#\" class=\"js-color-toggle\" data-toggle=\"tooltip\" data-placement=\"right\" title=\"Color Name\"><img data-src=\"images/skins/fashion/products/product-16-2.jpg\" class=\"lazyload fade-up\" alt=\"Color Name\"></a></li><li data-image=\"images/skins/fashion/products/product-16-3.jpg\"><a href=\"#\" class=\"js-color-toggle\" data-toggle=\"tooltip\" data-placement=\"right\" title=\"Color Name\"><img data-src=\"images/skins/fashion/products/product-16-3.jpg\" class=\"lazyload fade-up\" alt=\"Color Name\"></a></li></ul></div><div class=\"prd-info\"><div class=\"prd-info-wrap\"><div class=\"prd-info-top\"><div class=\"prd-rating\"><i class=\"icon-star-fill fill\"></i><i class=\"icon-star-fill fill\"></i><i class=\"icon-star-fill fill\"></i><i class=\"icon-star-fill fill\"></i><i class=\"icon-star-fill fill\"></i></div><div class=\"prd-tag\"><a href=\"#\">FOXic</a></div></div><div class=\"prd-rating justify-content-center\"><i class=\"icon-star-fill fill\"></i><i class=\"icon-star-fill fill\"></i><i class=\"icon-star-fill fill\"></i><i class=\"icon-star-fill fill\"></i><i class=\"icon-star-fill fill\"></i></div><div class=\"prd-tag\"><a href=\"#\">FOXic</a></div><h2 class=\"prd-title\"><a href=\"product.html\">Cascade Casual Shirt</a></h2><div class=\"prd-description\">Quisque volutpat condimentum velit. Class aptent taciti sociosqu ad litora torquent per conubia nostra, per inceptos himenaeos. Nam nec ante. Sed lacinia, urna non tincidunt mattis, tortor neque adipiscing diam, a cursus ipsum ante quis turpis. Nulla facilisi.</div></div><div class=\"prd-hovers\"><div class=\"prd-circle-labels\"><div><a href=\"#\" class=\"circle-label-compare circle-label-wishlist--add js-add-wishlist mt-0\" title=\"Add To Wishlist\"><i class=\"icon-heart-stroke\"></i></a><a href=\"#\" class=\"circle-label-compare circle-label-wishlist--off js-remove-wishlist mt-0\" title=\"Remove From Wishlist\"><i class=\"icon-heart-hover\"></i></a> </div><div><a href=\"#\" class=\"circle-label-qview prd-hide-mobile js-prd-quickview\" data-src=\"ajax/ajax-quickview.html\"><i class=\"icon-eye\"></i><span>QUICK VIEW</span></a></div></div><div class=\"prd-price\"><div class=\"price-new\">$ 180</div></div><div class=\"prd-action\"><div class=\"prd-action-left\"><form action=\"#\"><button class=\"btn js-prd-addtocart\" data-product='{\"name\":\"Cascade Casual Shirt\",\"path\":\"images/skins/fashion/products/product-16-1.jpg\",\"url\":\"product.html\",\"aspect_ratio\":0.778}'>Add To Cart</button></form></div></div></div></div></div></div>"   },   {      "product":"<div class=\"prd prd--style2 prd-labels--max prd-labels-shadow \"><div class=\"prd-inside\"><div class=\"prd-img-area\"><a href=\"product.html\" class=\"prd-img image-hover-scale image-container\" style=\"padding-bottom: 128.48%\"><img data-src=\"images/skins/fashion/products/product-17-1.jpg\" alt=\"Stand Collar Shirt\" class=\"js-prd-img lazyload fade-up\"><div class=\"foxic-loader\"></div><div class=\"prd-big-squared-labels\"><div class=\"label-sale\"><span>-10% <span class=\"sale-text\">Sale</span></span><div class=\"countdown-circle\"><div class=\"countdown js-countdown\" data-countdown=\"2020/05/31\"></div></div></div></div></a><div class=\"prd-circle-labels\"><a href=\"#\" class=\"circle-label-compare circle-label-wishlist--add js-add-wishlist mt-0\" title=\"Add To Wishlist\"><i class=\"icon-heart-stroke\"></i></a><a href=\"#\" class=\"circle-label-compare circle-label-wishlist--off js-remove-wishlist mt-0\" title=\"Remove From Wishlist\"><i class=\"icon-heart-hover\"></i></a> <a href=\"#\" class=\"circle-label-qview js-prd-quickview prd-hide-mobile\" data-src=\"ajax/ajax-quickview.html\"><i class=\"icon-eye\"></i><span>QUICK VIEW</span></a></div><ul class=\"list-options color-swatch\"><li data-image=\"images/skins/fashion/products/product-17-1.jpg\" class=\"active\"><a href=\"#\" class=\"js-color-toggle\" data-toggle=\"tooltip\" data-placement=\"right\" title=\"Color Name\"><img data-src=\"images/skins/fashion/products/product-17-1.jpg\" class=\"lazyload fade-up\" alt=\"Color Name\"></a></li><li data-image=\"images/skins/fashion/products/product-17-2.jpg\"><a href=\"#\" class=\"js-color-toggle\" data-toggle=\"tooltip\" data-placement=\"right\" title=\"Color Name\"><img data-src=\"images/skins/fashion/products/product-17-2.jpg\" class=\"lazyload fade-up\" alt=\"Color Name\"></a></li><li data-image=\"images/skins/fashion/products/product-17-3.jpg\"><a href=\"#\" class=\"js-color-toggle\" data-toggle=\"tooltip\" data-placement=\"right\" title=\"Color Name\"><img data-src=\"images/skins/fashion/products/product-17-3.jpg\" class=\"lazyload fade-up\" alt=\"Color Name\"></a></li></ul></div><div class=\"prd-info\"><div class=\"prd-info-wrap\"><div class=\"prd-info-top\"><div class=\"prd-rating\"><i class=\"icon-star-fill fill\"></i><i class=\"icon-star-fill fill\"></i><i class=\"icon-star-fill fill\"></i><i class=\"icon-star-fill fill\"></i><i class=\"icon-star-fill fill\"></i></div><div class=\"prd-tag\"><a href=\"#\">FOXic</a></div></div><div class=\"prd-rating justify-content-center\"><i class=\"icon-star-fill fill\"></i><i class=\"icon-star-fill fill\"></i><i class=\"icon-star-fill fill\"></i><i class=\"icon-star-fill fill\"></i><i class=\"icon-star-fill fill\"></i></div><div class=\"prd-tag\"><a href=\"#\">FOXic</a></div><h2 class=\"prd-title\"><a href=\"product.html\">Stand Collar Shirt</a></h2><div class=\"prd-description\">Quisque volutpat condimentum velit. Class aptent taciti sociosqu ad litora torquent per conubia nostra, per inceptos himenaeos. Nam nec ante. Sed lacinia, urna non tincidunt mattis, tortor neque adipiscing diam, a cursus ipsum ante quis turpis. Nulla facilisi.</div></div><div class=\"prd-hovers\"><div class=\"prd-circle-labels\"><div><a href=\"#\" class=\"circle-label-compare circle-label-wishlist--add js-add-wishlist mt-0\" title=\"Add To Wishlist\"><i class=\"icon-heart-stroke\"></i></a><a href=\"#\" class=\"circle-label-compare circle-label-wishlist--off js-remove-wishlist mt-0\" title=\"Remove From Wishlist\"><i class=\"icon-heart-hover\"></i></a> </div><div><a href=\"#\" class=\"circle-label-qview prd-hide-mobile js-prd-quickview\" data-src=\"ajax/ajax-quickview.html\"><i class=\"icon-eye\"></i><span>QUICK VIEW</span></a></div></div><div class=\"prd-price\"><div class=\"price-old\">$ 200</div><div class=\"price-new\">$ 180</div></div><div class=\"prd-action\"><div class=\"prd-action-left\"><form action=\"#\"><button class=\"btn js-prd-addtocart\" data-product='{\"name\":\"Stand Collar Shirt\",\"path\":\"images/skins/fashion/products/product-17-1.jpg\",\"url\":\"product.html\",\"aspect_ratio\":0.778}'>Add To Cart</button></form></div></div></div></div></div></div>"   },   {      "product":"<div class=\"prd prd--style2 prd-labels--max prd-labels-shadow prd-outstock\"><div class=\"prd-inside\"><div class=\"prd-img-area\"><a href=\"product.html\" class=\"prd-img image-hover-scale image-container\" style=\"padding-bottom: 128.48%\"><img data-src=\"images/skins/fashion/products/product-18-1.jpg\" alt=\"Sport Cotton T-shirt\" class=\"js-prd-img lazyload fade-up\"><div class=\"foxic-loader\"></div><div class=\"prd-big-squared-labels\"><div class=\"label-new\"><span>New</span></div><div class=\"label-outstock\"><span>Sold Out</span></div></div></a><div class=\"prd-circle-labels\"><a href=\"#\" class=\"circle-label-compare circle-label-wishlist--add js-add-wishlist mt-0\" title=\"Add To Wishlist\"><i class=\"icon-heart-stroke\"></i></a><a href=\"#\" class=\"circle-label-compare circle-label-wishlist--off js-remove-wishlist mt-0\" title=\"Remove From Wishlist\"><i class=\"icon-heart-hover\"></i></a> <a href=\"#\" class=\"circle-label-qview js-prd-quickview prd-hide-mobile\" data-src=\"ajax/ajax-quickview.html\"><i class=\"icon-eye\"></i><span>QUICK VIEW</span></a></div></div><div class=\"prd-info\"><div class=\"prd-info-wrap\"><div class=\"prd-info-top\"><div class=\"prd-rating\"><i class=\"icon-star-fill fill\"></i><i class=\"icon-star-fill fill\"></i><i class=\"icon-star-fill fill\"></i><i class=\"icon-star-fill fill\"></i><i class=\"icon-star-fill fill\"></i></div><div class=\"prd-tag\"><a href=\"#\">FOXic</a></div></div><div class=\"prd-rating justify-content-center\"><i class=\"icon-star-fill fill\"></i><i class=\"icon-star-fill fill\"></i><i class=\"icon-star-fill fill\"></i><i class=\"icon-star-fill fill\"></i><i class=\"icon-star-fill fill\"></i></div><div class=\"prd-tag\"><a href=\"#\">FOXic</a></div><h2 class=\"prd-title\"><a href=\"product.html\">Sport Cotton T-shirt</a></h2><div class=\"prd-description\">Quisque volutpat condimentum velit. Class aptent taciti sociosqu ad litora torquent per conubia nostra, per inceptos himenaeos. Nam nec ante. Sed lacinia, urna non tincidunt mattis, tortor neque adipiscing diam, a cursus ipsum ante quis turpis. Nulla facilisi.</div></div><div class=\"prd-hovers\"><div class=\"prd-circle-labels\"><div><a href=\"#\" class=\"circle-label-compare circle-label-wishlist--add js-add-wishlist mt-0\" title=\"Add To Wishlist\"><i class=\"icon-heart-stroke\"></i></a><a href=\"#\" class=\"circle-label-compare circle-label-wishlist--off js-remove-wishlist mt-0\" title=\"Remove From Wishlist\"><i class=\"icon-heart-hover\"></i></a> </div><div><a href=\"#\" class=\"circle-label-qview prd-hide-mobile js-prd-quickview\" data-src=\"ajax/ajax-quickview.html\"><i class=\"icon-eye\"></i><span>QUICK VIEW</span></a></div></div><div class=\"prd-price\"><div class=\"price-new\">$ 180</div></div><div class=\"prd-action\"><div class=\"prd-action-left\"><form action=\"#\"><button class=\"btn js-prd-addtocart\" data-product='{\"name\":\"Sport Cotton T-shirt\",\"path\":\"images/skins/fashion/products/product-18-1.jpg\",\"url\":\"product.html\",\"aspect_ratio\":0.778}'>Add To Cart</button></form></div></div></div></div></div></div>"   },   {      "product":"<div class=\"prd prd--style2 prd-labels--max prd-labels-shadow \"><div class=\"prd-inside\"><div class=\"prd-img-area\"><a href=\"product.html\" class=\"prd-img image-hover-scale image-container\" style=\"padding-bottom: 128.48%\"><img data-src=\"images/skins/fashion/products/product-19-1.jpg\" alt=\"Round Neck T-shirt\" class=\"js-prd-img lazyload fade-up\"><div class=\"foxic-loader\"></div><div class=\"prd-big-squared-labels\"></div></a><div class=\"prd-circle-labels\"><a href=\"#\" class=\"circle-label-compare circle-label-wishlist--add js-add-wishlist mt-0\" title=\"Add To Wishlist\"><i class=\"icon-heart-stroke\"></i></a><a href=\"#\" class=\"circle-label-compare circle-label-wishlist--off js-remove-wishlist mt-0\" title=\"Remove From Wishlist\"><i class=\"icon-heart-hover\"></i></a> <a href=\"#\" class=\"circle-label-qview js-prd-quickview prd-hide-mobile\" data-src=\"ajax/ajax-quickview.html\"><i class=\"icon-eye\"></i><span>QUICK VIEW</span></a></div><ul class=\"list-options color-swatch\"><li data-image=\"images/skins/fashion/products/product-19-1.jpg\" class=\"active\"><a href=\"#\" class=\"js-color-toggle\" data-toggle=\"tooltip\" data-placement=\"right\" title=\"Color Name\"><img data-src=\"images/skins/fashion/products/product-19-1.jpg\" class=\"lazyload fade-up\" alt=\"Color Name\"></a></li><li data-image=\"images/skins/fashion/products/product-19-2.jpg\"><a href=\"#\" class=\"js-color-toggle\" data-toggle=\"tooltip\" data-placement=\"right\" title=\"Color Name\"><img data-src=\"images/skins/fashion/products/product-19-2.jpg\" class=\"lazyload fade-up\" alt=\"Color Name\"></a></li><li data-image=\"images/skins/fashion/products/product-19-3.jpg\"><a href=\"#\" class=\"js-color-toggle\" data-toggle=\"tooltip\" data-placement=\"right\" title=\"Color Name\"><img data-src=\"images/skins/fashion/products/product-19-3.jpg\" class=\"lazyload fade-up\" alt=\"Color Name\"></a></li></ul></div><div class=\"prd-info\"><div class=\"prd-info-wrap\"><div class=\"prd-info-top\"><div class=\"prd-rating\"><i class=\"icon-star-fill fill\"></i><i class=\"icon-star-fill fill\"></i><i class=\"icon-star-fill fill\"></i><i class=\"icon-star-fill fill\"></i><i class=\"icon-star-fill fill\"></i></div><div class=\"prd-tag\"><a href=\"#\">FOXic</a></div></div><div class=\"prd-rating justify-content-center\"><i class=\"icon-star-fill fill\"></i><i class=\"icon-star-fill fill\"></i><i class=\"icon-star-fill fill\"></i><i class=\"icon-star-fill fill\"></i><i class=\"icon-star-fill fill\"></i></div><div class=\"prd-tag\"><a href=\"#\">FOXic</a></div><h2 class=\"prd-title\"><a href=\"product.html\">Round Neck T-shirt</a></h2><div class=\"prd-description\">Quisque volutpat condimentum velit. Class aptent taciti sociosqu ad litora torquent per conubia nostra, per inceptos himenaeos. Nam nec ante. Sed lacinia, urna non tincidunt mattis, tortor neque adipiscing diam, a cursus ipsum ante quis turpis. Nulla facilisi.</div></div><div class=\"prd-hovers\"><div class=\"prd-circle-labels\"><div><a href=\"#\" class=\"circle-label-compare circle-label-wishlist--add js-add-wishlist mt-0\" title=\"Add To Wishlist\"><i class=\"icon-heart-stroke\"></i></a><a href=\"#\" class=\"circle-label-compare circle-label-wishlist--off js-remove-wishlist mt-0\" title=\"Remove From Wishlist\"><i class=\"icon-heart-hover\"></i></a> </div><div><a href=\"#\" class=\"circle-label-qview prd-hide-mobile js-prd-quickview\" data-src=\"ajax/ajax-quickview.html\"><i class=\"icon-eye\"></i><span>QUICK VIEW</span></a></div></div><div class=\"prd-price\"><div class=\"price-new\">$ 180</div></div><div class=\"prd-action\"><div class=\"prd-action-left\"><form action=\"#\"><button class=\"btn js-prd-addtocart\" data-product='{\"name\":\"Round Neck T-shirt\",\"path\":\"images/skins/fashion/products/product-19-1.jpg\",\"url\":\"product.html\",\"aspect_ratio\":0.778}'>Add To Cart</button></form></div></div></div></div></div></div>"   },   {      "product":"<div class=\"prd prd--style2 prd-labels--max prd-labels-shadow \"><div class=\"prd-inside\"><div class=\"prd-img-area\"><a href=\"product.html\" class=\"prd-img image-hover-scale image-container\" style=\"padding-bottom: 128.48%\"><img data-src=\"images/skins/fashion/products/product-12-1.jpg\" alt=\"Elastic Cuff Joggers Pants\" class=\"js-prd-img lazyload fade-up\"><div class=\"foxic-loader\"></div><div class=\"prd-big-squared-labels\"><div class=\"label-sale\"><span>-10% <span class=\"sale-text\">Sale</span></span><div class=\"countdown-circle\"><div class=\"countdown js-countdown\" data-countdown=\"2020/05/31\"></div></div></div></div></a><div class=\"prd-circle-labels\"><a href=\"#\" class=\"circle-label-compare circle-label-wishlist--add js-add-wishlist mt-0\" title=\"Add To Wishlist\"><i class=\"icon-heart-stroke\"></i></a><a href=\"#\" class=\"circle-label-compare circle-label-wishlist--off js-remove-wishlist mt-0\" title=\"Remove From Wishlist\"><i class=\"icon-heart-hover\"></i></a> <a href=\"#\" class=\"circle-label-qview js-prd-quickview prd-hide-mobile\" data-src=\"ajax/ajax-quickview.html\"><i class=\"icon-eye\"></i><span>QUICK VIEW</span></a></div><ul class=\"list-options color-swatch\"><li data-image=\"images/skins/fashion/products/product-12-1.jpg\" class=\"active\"><a href=\"#\" class=\"js-color-toggle\" data-toggle=\"tooltip\" data-placement=\"right\" title=\"Color Name\"><img data-src=\"images/skins/fashion/products/product-12-1.jpg\" class=\"lazyload fade-up\" alt=\"Color Name\"></a></li><li data-image=\"images/skins/fashion/products/product-12-2.jpg\"><a href=\"#\" class=\"js-color-toggle\" data-toggle=\"tooltip\" data-placement=\"right\" title=\"Color Name\"><img data-src=\"images/skins/fashion/products/product-12-2.jpg\" class=\"lazyload fade-up\" alt=\"Color Name\"></a></li><li data-image=\"images/skins/fashion/products/product-12-3.jpg\"><a href=\"#\" class=\"js-color-toggle\" data-toggle=\"tooltip\" data-placement=\"right\" title=\"Color Name\"><img data-src=\"images/skins/fashion/products/product-12-3.jpg\" class=\"lazyload fade-up\" alt=\"Color Name\"></a></li></ul></div><div class=\"prd-info\"><div class=\"prd-info-wrap\"><div class=\"prd-info-top\"><div class=\"prd-rating\"><i class=\"icon-star-fill fill\"></i><i class=\"icon-star-fill fill\"></i><i class=\"icon-star-fill fill\"></i><i class=\"icon-star-fill fill\"></i><i class=\"icon-star-fill fill\"></i></div><div class=\"prd-tag\"><a href=\"#\">FOXic</a></div></div><div class=\"prd-rating justify-content-center\"><i class=\"icon-star-fill fill\"></i><i class=\"icon-star-fill fill\"></i><i class=\"icon-star-fill fill\"></i><i class=\"icon-star-fill fill\"></i><i class=\"icon-star-fill fill\"></i></div><div class=\"prd-tag\"><a href=\"#\">FOXic</a></div><h2 class=\"prd-title\"><a href=\"product.html\">Elastic Cuff Joggers Pants</a></h2><div class=\"prd-description\">Quisque volutpat condimentum velit. Class aptent taciti sociosqu ad litora torquent per conubia nostra, per inceptos himenaeos. Nam nec ante. Sed lacinia, urna non tincidunt mattis, tortor neque adipiscing diam, a cursus ipsum ante quis turpis. Nulla facilisi.</div></div><div class=\"prd-hovers\"><div class=\"prd-circle-labels\"><div><a href=\"#\" class=\"circle-label-compare circle-label-wishlist--add js-add-wishlist mt-0\" title=\"Add To Wishlist\"><i class=\"icon-heart-stroke\"></i></a><a href=\"#\" class=\"circle-label-compare circle-label-wishlist--off js-remove-wishlist mt-0\" title=\"Remove From Wishlist\"><i class=\"icon-heart-hover\"></i></a> </div><div><a href=\"#\" class=\"circle-label-qview prd-hide-mobile js-prd-quickview\" data-src=\"ajax/ajax-quickview.html\"><i class=\"icon-eye\"></i><span>QUICK VIEW</span></a></div></div><div class=\"prd-price\"><div class=\"price-old\">$ 200</div><div class=\"price-new\">$ 180</div></div><div class=\"prd-action\"><div class=\"prd-action-left\"><form action=\"#\"><button class=\"btn js-prd-addtocart\" data-product='{\"name\":\"Elastic Cuff Joggers Pants\",\"path\":\"images/skins/fashion/products/product-12-1.jpg\",\"url\":\"product.html\",\"aspect_ratio\":0.778}'>Add To Cart</button></form></div></div></div></div></div></div>"   },   {      "product":"<div class=\"prd prd--style2 prd-labels--max prd-labels-shadow \"><div class=\"prd-inside\"><div class=\"prd-img-area\"><a href=\"product.html\" class=\"prd-img image-hover-scale image-container\" style=\"padding-bottom: 128.48%\"><img data-src=\"images/skins/fashion/products/product-20-1.jpg\" alt=\"T-shirt with Pocket\" class=\"js-prd-img lazyload fade-up\"><div class=\"foxic-loader\"></div><div class=\"prd-big-squared-labels\"><div class=\"label-new\"><span>New</span></div></div></a><div class=\"prd-circle-labels\"><a href=\"#\" class=\"circle-label-compare circle-label-wishlist--add js-add-wishlist mt-0\" title=\"Add To Wishlist\"><i class=\"icon-heart-stroke\"></i></a><a href=\"#\" class=\"circle-label-compare circle-label-wishlist--off js-remove-wishlist mt-0\" title=\"Remove From Wishlist\"><i class=\"icon-heart-hover\"></i></a> <a href=\"#\" class=\"circle-label-qview js-prd-quickview prd-hide-mobile\" data-src=\"ajax/ajax-quickview.html\"><i class=\"icon-eye\"></i><span>QUICK VIEW</span></a><div class=\"colorswatch-label colorswatch-label--variants js-prd-colorswatch\"><i class=\"icon-palette\"><span class=\"path1\"></span><span class=\"path2\"></span><span class=\"path3\"></span><span class=\"path4\"></span><span class=\"path5\"></span><span class=\"path6\"></span><span class=\"path7\"></span><span class=\"path8\"></span><span class=\"path9\"></span><span class=\"path10\"></span></i><ul><li data-image=\"images/skins/fashion/products/product-20-1.jpg\"><a class=\"js-color-toggle\" data-toggle=\"tooltip\" data-placement=\"left\" title=\"Color Name\"><img src=\"images/colorswatch/color-grey.jpg\" alt=\"\"></a></li><li data-image=\"images/skins/fashion/products/product-20-color-2.jpg\"><a class=\"js-color-toggle\" data-toggle=\"tooltip\" data-placement=\"left\" title=\"Color Name\"><img src=\"images/colorswatch/color-green.jpg\" alt=\"\"></a></li><li data-image=\"images/skins/fashion/products/product-20-color-3.jpg\"><a class=\"js-color-toggle\" data-toggle=\"tooltip\" data-placement=\"left\" title=\"Color Name\"><img src=\"images/colorswatch/color-black.jpg\" alt=\"\"></a></li></ul></div></div><ul class=\"list-options color-swatch\"><li data-image=\"images/skins/fashion/products/product-20-1.jpg\" class=\"active\"><a href=\"#\" class=\"js-color-toggle\" data-toggle=\"tooltip\" data-placement=\"right\" title=\"Color Name\"><img data-src=\"images/skins/fashion/products/product-20-1.jpg\" class=\"lazyload fade-up\" alt=\"Color Name\"></a></li><li data-image=\"images/skins/fashion/products/product-20-2.jpg\"><a href=\"#\" class=\"js-color-toggle\" data-toggle=\"tooltip\" data-placement=\"right\" title=\"Color Name\"><img data-src=\"images/skins/fashion/products/product-20-2.jpg\" class=\"lazyload fade-up\" alt=\"Color Name\"></a></li><li data-image=\"images/skins/fashion/products/product-20-3.jpg\"><a href=\"#\" class=\"js-color-toggle\" data-toggle=\"tooltip\" data-placement=\"right\" title=\"Color Name\"><img data-src=\"images/skins/fashion/products/product-20-3.jpg\" class=\"lazyload fade-up\" alt=\"Color Name\"></a></li></ul></div><div class=\"prd-info\"><div class=\"prd-info-wrap\"><div class=\"prd-info-top\"><div class=\"prd-rating\"><i class=\"icon-star-fill fill\"></i><i class=\"icon-star-fill fill\"></i><i class=\"icon-star-fill fill\"></i><i class=\"icon-star-fill fill\"></i><i class=\"icon-star-fill fill\"></i></div><div class=\"prd-tag\"><a href=\"#\">FOXic</a></div></div><div class=\"prd-rating justify-content-center\"><i class=\"icon-star-fill fill\"></i><i class=\"icon-star-fill fill\"></i><i class=\"icon-star-fill fill\"></i><i class=\"icon-star-fill fill\"></i><i class=\"icon-star-fill fill\"></i></div><div class=\"prd-tag\"><a href=\"#\">FOXic</a></div><h2 class=\"prd-title\"><a href=\"product.html\">T-shirt with Pocket</a></h2><div class=\"prd-description\">Quisque volutpat condimentum velit. Class aptent taciti sociosqu ad litora torquent per conubia nostra, per inceptos himenaeos. Nam nec ante. Sed lacinia, urna non tincidunt mattis, tortor neque adipiscing diam, a cursus ipsum ante quis turpis. Nulla facilisi.</div></div><div class=\"prd-hovers\"><div class=\"prd-circle-labels\"><div><a href=\"#\" class=\"circle-label-compare circle-label-wishlist--add js-add-wishlist mt-0\" title=\"Add To Wishlist\"><i class=\"icon-heart-stroke\"></i></a><a href=\"#\" class=\"circle-label-compare circle-label-wishlist--off js-remove-wishlist mt-0\" title=\"Remove From Wishlist\"><i class=\"icon-heart-hover\"></i></a> </div><div><a href=\"#\" class=\"circle-label-qview prd-hide-mobile js-prd-quickview\" data-src=\"ajax/ajax-quickview.html\"><i class=\"icon-eye\"></i><span>QUICK VIEW</span></a></div></div><div class=\"prd-price\"><div class=\"price-new\">$ 180</div></div><div class=\"prd-action\"><div class=\"prd-action-left\"><form action=\"#\"><button class=\"btn js-prd-addtocart\" data-product='{\"name\":\"T-shirt with Pocket\",\"path\":\"images/skins/fashion/products/product-20-1.jpg\",\"url\":\"product.html\",\"aspect_ratio\":0.778}'>Add To Cart</button></form></div></div></div></div></div></div>"   }]